{ "indexes" : [ { "v" : 1, "key" : { "_id" : 1 }, "ns" : "enviroCar.fuelings", "name" : "_id_" }, { "v" : 1, "key" : { "time" : -1 }, "ns" : "enviroCar.fuelings", "name" : "time_-1" }, { "v" : 1, "key" : { "car.created" : -1 }, "ns" : "enviroCar.fuelings", "name" : "car.created_-1" }, { "v" : 1, "key" : { "car.modified" : -1 }, "ns" : "enviroCar.fuelings", "name" : "car.modified_-1" }, { "v" : 1, "key" : { "user" : 1 }, "ns" : "enviroCar.fuelings", "name" : "user_1" }, { "v" : 1, "key" : { "created" : -1 }, "ns" : "enviroCar.fuelings", "name" : "created_-1" }, { "v" : 1, "key" : { "modified" : -1 }, "ns" : "enviroCar.fuelings", "name" : "modified_-1" } ] }