{ "indexes" : [ { "v" : 1, "key" : { "_id" : 1 }, "ns" : "enviroCar.measurements", "name" : "_id_" }, { "v" : 1, "key" : { "time" : 1 }, "ns" : "enviroCar.measurements", "name" : "time_1" }, { "v" : 1, "key" : { "user" : 1 }, "ns" : "enviroCar.measurements", "name" : "user_1" }, { "v" : 1, "key" : { "sensor.created" : -1 }, "ns" : "enviroCar.measurements", "name" : "sensor.created_-1" }, { "v" : 1, "key" : { "sensor.modified" : -1 }, "ns" : "enviroCar.measurements", "name" : "sensor.modified_-1" }, { "v" : 1, "key" : { "track" : 1 }, "ns" : "enviroCar.measurements", "name" : "track_1" }, { "v" : 1, "key" : { "phenomenons.phen.created" : -1 }, "ns" : "enviroCar.measurements", "name" : "phenomenons.phen.created_-1" }, { "v" : 1, "key" : { "phenomenons.phen.modified" : -1 }, "ns" : "enviroCar.measurements", "name" : "phenomenons.phen.modified_-1" }, { "v" : 1, "key" : { "created" : -1 }, "ns" : "enviroCar.measurements", "name" : "created_-1" }, { "v" : 1, "key" : { "modified" : -1 }, "ns" : "enviroCar.measurements", "name" : "modified_-1" }, { "v" : 1, "key" : { "geometry" : "2dsphere" }, "ns" : "enviroCar.measurements", "name" : "geometry_2dsphere" }, { "v" : 1, "key" : { "geometry" : "2dsphere", "time" : 1 }, "ns" : "enviroCar.measurements", "name" : "geometry_2dsphere_time_1" } ] }