{ "options" : { "flags" : 1 }, "indexes" : [ { "v" : 1, "key" : { "_id" : 1 }, "ns" : "enviroCar.statistics", "name" : "_id_" }, { "v" : 1, "key" : { "created" : 1 }, "ns" : "enviroCar.statistics", "name" : "created_1", "expireAfterSeconds" : 10800 }, { "v" : 1, "key" : { "statistics.phenomenon.created" : -1 }, "ns" : "enviroCar.statistics", "name" : "statistics.phenomenon.created_-1" }, { "v" : 1, "key" : { "statistics.phenomenon.modified" : -1 }, "ns" : "enviroCar.statistics", "name" : "statistics.phenomenon.modified_-1" } ] }